valore,media,devstd
0,20,16.225,0.9638568879779364
1,30,28.52,1.0607667654358643
2,40,38.815,1.1301153941169462
3,50,48.25,1.040631814266853
4,60,60.255,1.378213467431314
