valore,media,devstd
0,0,-1.1350000000000002,1.164541016407096
1,10,11.155,1.3321592401834061
2,20,21.57,1.223554423446574
3,30,31.734999999999996,1.1836299673029114
4,40,40.860000000000014,1.3476575620396352
5,50,50.61000000000002,1.4105132890878649
6,60,62.420000000000016,1.2842689491178791
7,70,72.28500000000003,1.3040235377226415
8,80,81.28000000000002,1.3276722366002824
9,90,90.78,1.5249680777612868
10,100,100.86,1.640290451054049
