index,distance
0,0.08041
1,0.00714
2,0.11135
3,0.08109
4,0.0935
5,0.06613
6,0.11475
7,0.1207
8,0.10948
9,0.08041
10,0.08126
11,0.1054
12,0.10217
13,0.08109
14,0.06188
15,0.08653
16,0.08092
17,0.08109
18,0.10472
19,0.12206
20,0.08092
21,0.08092
22,0.08024
23,0.10183
24,0.07939
25,0.10421
26,0.08092
27,0.05678
28,0.12325
29,0.08092
30,0.06409
31,0.102
32,0.08075
33,0.06256
34,0.10353
35,0.08109
36,0.06494
37,0.09945
38,0.08109
39,0.07038
40,0.10047
41,0.08075
42,0.05695
43,0.08041
44,0.0867
45,0.08092
46,0.10217
47,0.0816
48,0.08092
49,0.12342
50,0.08109
51,0.08058
52,0.10438
53,0.08109
54,0.06392
55,0.12308
56,0.08109
57,0.08092
58,0.12206
59,0.08092
60,0.05865
61,0.08041
62,0.102
63,0.05848
64,0.10336
65,0.08092
66,0.08092
67,0.10506
68,0.08109
69,0.05933
70,0.12716
71,0.08109
72,0.08092
73,0.12189
74,0.08092
75,0.06494
76,0.09673
77,0.08109
78,0.08075
79,0.12597
80,0.08092
81,0.08092
82,0.12342
83,0.08109
84,0.08109
85,0.12359
86,0.08075
87,0.08075
88,0.12291
89,0.08126
90,0.08092
91,0.08024
92,0.10302
93,0.08075
94,0.10336
95,0.08211
96,0.08092
97,0.1037
98,0.08347
99,0.08041
