index,valore,media,devstd
0,20,45.072,1.6674461770944853
1,38,45.786,1.211254835512786
2,56,50.204,2.9112428049440804
