index,distance
0,0.23766
1,0.19006
2,0.26129
3,0.2924
4,0.26112
5,0.26112
6,0.23511
7,0.2482
8,0.26129
9,0.22831
10,0.26146
11,0.26095
12,0.2873
13,0.26112
14,0.24514
15,0.26112
16,0.2516
17,0.26112
18,0.26112
19,0.20264
20,0.26146
21,0.255
22,0.23749
23,0.26129
24,0.24548
25,0.26112
26,0.25568
27,0.24429
28,0.26112
29,0.26129
30,0.26129
31,0.26571
32,0.28373
33,0.26146
34,0.25041
35,0.26129
36,0.26129
37,0.28305
38,0.26129
39,0.26095
40,0.26112
41,0.30464
42,0.26146
43,0.25942
44,0.2856
45,0.28713
46,0.26962
47,0.25432
48,0.28322
49,0.27353
50,0.28645
51,0.28611
52,0.26112
53,0.23664
54,0.28084
55,0.26129
56,0.26146
57,0.26146
58,0.26078
59,0.28237
60,0.26129
61,0.26095
62,0.26095
63,0.2499
64,0.26112
65,0.26112
66,0.26112
67,0.26112
68,0.25568
69,0.23987
70,0.26078
71,0.2805
72,0.24378
73,0.28645
74,0.24718
75,0.28594
76,0.28509
77,0.26129
78,0.26129
79,0.26112
80,0.23919
81,0.26129
82,0.26112
83,0.26129
84,0.25466
85,0.24089
86,0.26129
87,0.30923
88,0.26146
89,0.30634
90,0.26129
91,0.26571
92,0.28373
93,0.28679
94,0.26537
95,0.24531
96,0.24225
97,0.26554
98,0.26061
99,0.26112
