valore,media,devstd
0,0,-2.3150000000000004,1.2298527100601158
1,10,8.860000000000003,1.5029618998370549
2,20,20.500000000000004,1.4554006165911395
3,30,31.175,1.1904034196471118
4,40,40.59,1.2448486820517706
5,50,49.545,1.4166188779012268
6,60,59.94499999999998,1.6303574229699345
7,70,69.97500000000002,1.5939505613286125
8,80,79.73500000000003,1.436066304931915
9,90,88.72000000000004,1.5654562486162487
