valore,media,devstd
0,20,25.26,2.7385944382999536
1,30,24.38,4.515256104413371
2,40,108.5,40.2088767418865
3,50,59.085,90.87723109037414
